{
  "token_acc": 0.9999808396,
  "token_p": 0.9989078786,
  "token_r": 0.9995398685,
  "token_f": 0.9992237736,
  "pos_acc": 0.9820081476,
  "morph_acc": 0.9772051916,
  "morph_micro_p": 0.9920371808,
  "morph_micro_r": 0.9854207049,
  "morph_micro_f": 0.9887178736,
  "morph_per_feat": {
    "Definite": {
      "p": 0.9978626389,
      "r": 0.9990014265,
      "f": 0.998431708
    },
    "Gender": {
      "p": 0.9925185728,
      "r": 0.9856601029,
      "f": 0.9890774485
    },
    "Number": {
      "p": 0.9979451789,
      "r": 0.9903047091,
      "f": 0.9941102636
    },
    "PronType": {
      "p": 0.9969266231,
      "r": 0.9914040115,
      "f": 0.9941576477
    },
    "PunctType": {
      "p": 0.9995216074,
      "r": 0.9992029332,
      "f": 0.9993622449
    },
    "VerbForm": {
      "p": 0.9861939128,
      "r": 0.9821875,
      "f": 0.9841866291
    },
    "Mood": {
      "p": 0.9684289652,
      "r": 0.9607258265,
      "f": 0.9645620165
    },
    "Person": {
      "p": 0.9880365939,
      "r": 0.9775456919,
      "f": 0.9827631464
    },
    "Tense": {
      "p": 0.9763869785,
      "r": 0.9706016408,
      "f": 0.9734857143
    },
    "NumForm": {
      "p": 0.988372093,
      "r": 0.9643435981,
      "f": 0.9762100082
    },
    "NumType": {
      "p": 0.9818965517,
      "r": 0.9579478553,
      "f": 0.9697743721
    },
    "Poss": {
      "p": 1.0,
      "r": 0.9963436929,
      "f": 0.9981684982
    },
    "PunctSide": {
      "p": 0.997995992,
      "r": 0.996,
      "f": 0.996996997
    },
    "Case": {
      "p": 0.9329214475,
      "r": 0.9143598616,
      "f": 0.9235474006
    },
    "PrepCase": {
      "p": 0.9946921444,
      "r": 0.9699792961,
      "f": 0.9821802935
    },
    "Reflex": {
      "p": 0.9903381643,
      "r": 0.9887459807,
      "f": 0.989541432
    },
    "Degree": {
      "p": 0.9963099631,
      "r": 0.9608540925,
      "f": 0.9782608696
    },
    "Polarity": {
      "p": 1.0,
      "r": 0.9935064935,
      "f": 0.996742671
    },
    "AdvType": {
      "p": 0.9408602151,
      "r": 0.9308510638,
      "f": 0.935828877
    },
    "Number[psor]": {
      "p": 1.0,
      "r": 0.9428571429,
      "f": 0.9705882353
    },
    "Foreign": {
      "p": 1.0,
      "r": 1.0,
      "f": 1.0
    }
  },
  "sents_p": 0.9692158761,
  "sents_r": 0.985122796,
  "sents_f": 0.9771046006,
  "dep_uas": 0.9031632397,
  "dep_las": 0.8672485372,
  "dep_las_per_type": {
    "det": {
      "p": 0.9697097774,
      "r": 0.9738256933,
      "f": 0.9717633771
    },
    "nsubj": {
      "p": 0.8642020498,
      "r": 0.863569861,
      "f": 0.8638858397
    },
    "case": {
      "p": 0.9568190962,
      "r": 0.9618495551,
      "f": 0.9593277311
    },
    "amod": {
      "p": 0.9050476527,
      "r": 0.8924469196,
      "f": 0.8987031195
    },
    "nmod": {
      "p": 0.8072916667,
      "r": 0.8207572147,
      "f": 0.8139687541
    },
    "mark": {
      "p": 0.892484915,
      "r": 0.9059020045,
      "f": 0.8991434098
    },
    "acl": {
      "p": 0.7243035543,
      "r": 0.7180952381,
      "f": 0.7211860354
    },
    "advcl": {
      "p": 0.5905882353,
      "r": 0.6189889026,
      "f": 0.6044551475
    },
    "nummod": {
      "p": 0.8807829181,
      "r": 0.873015873,
      "f": 0.8768821966
    },
    "obj": {
      "p": 0.8075782537,
      "r": 0.8159121172,
      "f": 0.8117237953
    },
    "obl": {
      "p": 0.7181060938,
      "r": 0.7069486405,
      "f": 0.7124836886
    },
    "fixed": {
      "p": 0.8800578035,
      "r": 0.8196500673,
      "f": 0.8487804878
    },
    "cc": {
      "p": 0.921961326,
      "r": 0.9175257732,
      "f": 0.9197382019
    },
    "conj": {
      "p": 0.6612903226,
      "r": 0.6541161455,
      "f": 0.6576836702
    },
    "root": {
      "p": 0.9162679426,
      "r": 0.9262394196,
      "f": 0.9212266987
    },
    "flat": {
      "p": 0.8946608947,
      "r": 0.9316303531,
      "f": 0.9127714391
    },
    "xcomp": {
      "p": 0.8355437666,
      "r": 0.773955774,
      "f": 0.8035714286
    },
    "advmod": {
      "p": 0.8520437536,
      "r": 0.8342728298,
      "f": 0.8430646539
    },
    "compound": {
      "p": 0.8497652582,
      "r": 0.7269076305,
      "f": 0.7835497835
    },
    "expl:pv": {
      "p": 0.7627737226,
      "r": 0.8007662835,
      "f": 0.7813084112
    },
    "cop": {
      "p": 0.8817204301,
      "r": 0.8798283262,
      "f": 0.880773362
    },
    "ccomp": {
      "p": 0.8104089219,
      "r": 0.818011257,
      "f": 0.8141923436
    },
    "iobj": {
      "p": 0.7857142857,
      "r": 0.5472636816,
      "f": 0.6451612903
    },
    "aux": {
      "p": 0.9557774608,
      "r": 0.9530583215,
      "f": 0.9544159544
    },
    "appos": {
      "p": 0.6448979592,
      "r": 0.6610878661,
      "f": 0.652892562
    },
    "expl:pass": {
      "p": 0.758974359,
      "r": 0.8,
      "f": 0.7789473684
    },
    "csubj": {
      "p": 0.7444444444,
      "r": 0.7052631579,
      "f": 0.7243243243
    },
    "parataxis": {
      "p": 0.6875,
      "r": 0.3928571429,
      "f": 0.5
    },
    "expl:impers": {
      "p": 0.5555555556,
      "r": 0.625,
      "f": 0.5882352941
    },
    "orphan": {
      "p": 0.0,
      "r": 0.0,
      "f": 0.0
    },
    "dep": {
      "p": 0.0169491525,
      "r": 0.1111111111,
      "f": 0.0294117647
    },
    "nsubj:pass": {
      "p": 0.0,
      "r": 0.0,
      "f": 0.0
    },
    "aux:pass": {
      "p": 0.0,
      "r": 0.0,
      "f": 0.0
    },
    "acl:relcl": {
      "p": 0.0,
      "r": 0.0,
      "f": 0.0
    }
  },
  "tag_acc": 0.9586196981,
  "lemma_acc": 0.9620968901,
  "ents_p": 0.8907937283,
  "ents_r": 0.8915007937,
  "ents_f": 0.8911471208,
  "ents_per_type": {
    "LOC": {
      "p": 0.8937249448,
      "r": 0.9028099174,
      "f": 0.89824446
    },
    "PER": {
      "p": 0.9301967374,
      "r": 0.9472408384,
      "f": 0.9386414215
    },
    "MISC": {
      "p": 0.8219828952,
      "r": 0.7886339462,
      "f": 0.804963164
    },
    "ORG": {
      "p": 0.8423728814,
      "r": 0.8040212618,
      "f": 0.8227503843
    }
  },
  "speed": 9394.8724037462
}